timestamp,name,channel,notes
"2025-12-14T21:56:03.759Z","Test Lead","Web form","Example lead captured during automation test."
"2025-12-14T21:56:10.813Z","Test Lead","Web form","Example lead captured during automation test."
"2025-12-14T21:56:10.821Z","Test Lead","Web form","Example lead captured during automation test."
"2025-12-14T21:56:10.821Z","Test Lead","Web form","Example lead captured during automation test."
"2025-12-14T21:56:10.823Z","Test Lead","Web form","Example lead captured during automation test."
"2025-12-14T21:56:10.823Z","Test Lead","Web form","Example lead captured during automation test."
"2025-12-14T21:56:14.699Z","Test Lead","Web form","Example lead captured during automation test."
"2025-12-14T21:56:14.718Z","Test Lead","Web form","Example lead captured during automation test."
"2025-12-14T21:56:14.739Z","Test Lead","Web form","Example lead captured during automation test."
"2025-12-14T21:56:21.652Z","Test Lead","Web form","Example lead captured during automation test."
"2025-12-14T21:56:21.658Z","Test Lead","Web form","Example lead captured during automation test."
"2025-12-14T21:56:21.659Z","Test Lead","Web form","Example lead captured during automation test."
"2025-12-14T21:56:21.660Z","Test Lead","Web form","Example lead captured during automation test."
"2025-12-14T21:56:21.661Z","Test Lead","Web form","Example lead captured during automation test."
